judet,localitate,url,tip,newest,n_items
ALBA,BUCERDEA GRANOASA,https://bucerdea-granoasa.ro/site/feed/atom/,rss_extra,2026-08-21,0
ALBA,INTREGALDE,http://primariaintregalde.ro/sitemap.xml,sitemap_news,2026-08-26,2
ALBA,MOGOS,https://comunamogos.ro/sitemap.xml,sitemap_news,2026-08-28,0
ARAD,ARCHIS,https://archis-arad.ro/sitemap.xml,sitemap_news,2026-07-23,0
ARAD,CONOP,https://www.primariaconop.ro/sitemap.xml,sitemap_news,2026-06-07,12
ARAD,MISCA,https://misca.ro/sitemap.xml,sitemap_news,2026-08-28,0
ARAD,MONEASA,https://primariamoneasa.ro/sitemap.xml,sitemap_news,2026-02-23,0
ARAD,ORAS CHISINEU-CRIS,https://primariachisineucris.ro/sitemap.xml,sitemap_news,2026-08-27,0
ARAD,SIRIA,https://primariasiria.ro/sitemap.xml,sitemap_news,2026-09-02,0
BACAU,IZVORU BERHECIULUI,https://primariaizvoruberheciului.ro/sitemap.xml,sitemap_news,2026-08-27,36
BACAU,ORBENI,http://primariaorbeni.ro/sitemap.xml,sitemap_news,2026-08-04,59
BACAU,PLOPANA,http://www.comunaplopana.ro/feed/atom/,rss_extra,2026-08-25,0
BISTRITA-NASAUD,MAGURA ILVEI,http://www.magurailvei.ro/ro/feed/atom/,rss_extra,2026-09-04,0
BISTRITA-NASAUD,URMENIS,https://www.primariaurmenis.ro/sitemap.xml,sitemap_news,2026-09-04,0
BRAILA,CIOCILE,https://comunaciocile.ro/sitemap.xml,sitemap_news,2026-09-03,0
BRASOV,VAMA BUZAULUI,http://www.comunavamabuzaului.ro/sitemap.xml,sitemap_news,2026-09-02,103
BUZAU,BALTA ALBA,https://www.baltaalba.ro/sitemap.xml,sitemap_news,2026-08-26,163
BUZAU,BERCA,http://primariaberca.ro/sitemap.xml,sitemap_news,2026-09-03,0
BUZAU,NAENI,https://primarianaeni.ro/sitemap.xml,sitemap_news,2026-09-03,93
BUZAU,SAGEATA,https://www.comunasageata.ro/sitemap.xml,sitemap_news,2026-08-31,165
CALARASI,CURCANI,http://www.primariacurcani.ro/sitemap.xml,sitemap_news,2026-07-24,59
CALARASI,DRAGALINA,http://comunadragalina.ro/sitemap.xml,sitemap_news,2026-09-06,156
CALARASI,GURBANESTI,http://www.gurbanesti.ro/?rest_route=/wp/v2/posts&per_page=8,wp_json,2026-08-24,7
CLUJ,CIURILA,http://primariaciurila.ro/sitemap.xml,sitemap_news,2026-07-26,59
DAMBOVITA,DARMANESTI,https://www.primaria-darmanesti.ro/sitemap.xml,sitemap_news,2026-08-05,0
DAMBOVITA,GURA OCNITEI,http://primariaguraocnitei.ro/sitemap.xml,sitemap_news,2026-08-31,865
DAMBOVITA,MORTENI,http://primaria-morteni.ro/morteni/feed/atom/,rss_extra,2026-08-26,0
DAMBOVITA,MOTAIENI,https://primariamotaieni.ro/sitemap.xml,sitemap_news,2026-09-03,0
DOLJ,MALU MARE,http://www.primariamalumare.ro/sitemap.xml,sitemap_news,2026-03-06,209
DOLJ,POIANA MARE,http://www.poianamare.ro/sitemap.xml,sitemap_news,2026-07-06,45
GALATI,POIANA,http://www.comunapoiana.ro/sitemap.xml,sitemap_news,2026-06-23,222
GIURGIU,GAUJANI,http://primariagaujani.ro/sitemap.xml,sitemap_news,2026-09-06,46
GIURGIU,SINGURENI,https://primariasingurenigr.ro/sitemap.xml,sitemap_news,2026-08-04,47
GORJ,LICURICI,http://www.primarialicurici.ro/sitemap.xml,sitemap_news,2026-05-20,2
HARGHITA,LAZAREA,https://www.lazarea.ro/sitemap.xml,sitemap_news,2026-07-30,501
HARGHITA,MUNICIPIUL ODORHEIU SECUIESC,https://www.udvarhely.ro/ro/sitemap.xml,sitemap_news,2026-09-04,0
HARGHITA,ORAS BALAN,http://www.orasulbalan.ro/sitemap.xml,sitemap_news,2026-08-28,86
HUNEDOARA,HARAU,https://primariaharau.ro/harau/index.php/primariaharau/feed/atom/,rss_extra,2026-08-21,0
HUNEDOARA,ILIA,https://primariailia.ro/ro/feed/atom/,rss_extra,2026-03-10,0
HUNEDOARA,LAPUGIU DE JOS,http://www.primarialapugiudejos.ro/sitemap.xml,sitemap_news,2026-05-12,3
ILFOV,SNAGOV,https://www.primaria-snagov.ro/sitemap.xml,sitemap_news,2026-09-02,0
MURES,MUNICIPIUL REGHIN,http://www.primariareghin.ro/sitemap.xml,sitemap_news,2026-08-31,0
NEAMT,BIRA,https://bira.ro/prima-pagina/feed/atom/,rss_extra,2026-09-03,0
NEAMT,SABAOANI,https://primariasabaoani.ro/sitemap.xml,sitemap_news,2026-09-06,908
PRAHOVA,FLORESTI,https://www.cjph.ro/judetul-prahova/localitatile-judetului/106-primaria-floresti/?rest_route=/wp/v2/posts&per_page=8,wp_json,2026-09-03,8
PRAHOVA,IORDACHEANU,http://primariaiordacheanu.ro/sitemap.xml,sitemap_news,2026-08-09,133
SATU MARE,PETRESTI,http://www.petrifeld.ro/sitemap.xml,sitemap_news,2026-07-16,2
SATU MARE,TIREAM,https://www.tiream.ro/sitemap.xml,sitemap_news,2026-09-06,380
SIBIU,ORAS AVRIG,https://primaria-avrig.ro/sitemap.xml,sitemap_news,2026-09-03,0
SIBIU,TARNAVA,https://www.primariatirnava.ro/sitemap.xml,sitemap_news,2026-09-02,0
SIBIU,TURNU ROSU,https://primariaturnurosu.ro/sitemap.xml,sitemap_news,2026-09-04,0
TELEORMAN,BOGDANA,https://www.comuna-bogdana.ro/sitemap.xml,sitemap_news,2026-08-09,291
TELEORMAN,CRANGU,https://www.primariacrangu.ro/sitemap.xml,sitemap_news,2026-05-13,5
TIMIS,MOSNITA NOUA,https://mosnita.ro/sitemap.xml,sitemap_news,2026-09-04,1264
TIMIS,SECAS,https://www.primariasecas.ro/sitemap.xml,sitemap_news,2026-08-31,5
TULCEA,ORAS SULINA,https://www.primaria-sulina.ro/sitemap.xml,sitemap_news,2026-08-11,97
VALCEA,PIETRARI,http://comunapietrari.ro/sitemap.xml,sitemap_news,2026-09-06,0
VRANCEA,MUNICIPIUL ADJUD,https://www.adjud.ro/sitemap.xml,sitemap_news,2026-09-04,0
